"coefficient","Author"
-1.41965194040915,"L.C. Michels"
-1.35038551695378,"Max Lamberty"
-1.32988508800194,"Ernest Claes"
-1.26527595257063,"Willem Elsschot"
-1.23874397087269,"Ph.J. Simons"
-1.21391000860043,"P.J. Cosijn"
-1.19216608251126,"Leo Meert"
-1.17833000747194,"Juul Filliaert"
-1.17243817365735,"Constant Eeckels"
-1.13618608420955,"Lode Zielens"
-1.13156939555685,"Edgard de Bruyne"
-1.11247473132693,"W. Vanbeselaere"
-1.09471024859505,"Cd. Busken Huet"
-1.08614528155053,"Roger Pieters"
-1.07495754662991,"W.L. Brugsma"
-1.06023435300841,"A. Rientjes"
-1.05851168004155,"Frans Boenders"
-1.04929734486177,"Alstein"
-1.04074928436975,"F. Jansonius"
-1.02846794779131,"Isaac Arnold Lamping"
-1.02561707384012,"Maarten Doorman"
-1.02151675252555,"Victor de Stuers"
-1.02101427639374,"Piet Meeuse"
-1.01575314201936,"Wil Rouleaux"
-1.01246447542601,"Arjen Mulder"
-1.00861099724559,"A.C. Loffelt"
-1.00381806573251,"Claude van de Berge"
-1.00265464287758,"David van Hoogstraten"
-0.994712911246662,"C. Terburch"
-0.984787163626578,"A.J. Immink"
-0.980966481142277,"Louisa Duykers"
-0.98081483672781,"S.J. Warren"
-0.965927191812639,"Jacob Samuel Speyer"
-0.964941603267201,"Jan Six"
-0.951034104352258,"J.F. van Olmhof"
-0.950049938760537,"H.A. Lorentz"
-0.950043870723154,"G.J. Boekenoogen"
-0.939122194175072,"Herman Poort"
-0.933166345109005,"K.C. Boxman-Winkler"
-0.925225603780884,"Lodewijk van Eyck"
-0.925225600759056,"J.W. Muller"
-0.910336235681347,"Alie Smeding"
-0.90735865785056,"Jan Engelman"
-0.907358276680185,"C.M. Hamaker Sr."
-0.899433411895334,"Gerard van Eckeren"
-0.894455240858332,"J.B. Manger"
-0.869641452826507,"Jaap Das"
-0.869166155285544,"Garmt Stuiveling"
-0.863686863322923,"W. Kramer"
-0.860708768430015,"F.W.N. Hugenholtz"
-0.853761238990681,"F. van der Kooy"
-0.850784338685017,"J.J. Mak"
-0.84582142699343,"Carlos Tindemans"
-0.843435214808783,"Gerard Walschap"
-0.840885831957784,"Maartje Draak"
-0.835896963157888,"Marcel Janssens"
-0.833912094830078,"A. Kibédi Varga"
-0.832478512425812,"L.W.C. van den Berg"
-0.813094440622399,"A.D. Leeman"
-0.812079363165264,"Hannes Meinkema"
-0.804142254759168,"W.M.H. Hummelen"
-0.800171106688106,"G. Groenhuis"
-0.794217455579043,"Gregor Benton"
-0.789257982675737,"Ernst van Alphen"
-0.789257978062655,"C.W. van de Watering"
-0.789255875739751,"J.J. Kloek"
-0.784295156824104,"Mark van Andel"
-0.782310517527385,"Saskia Daalder"
-0.780874606495824,"Arthur van Schendel"
-0.780324980593569,"Michael Hamburger"
-0.780324973397844,"Peter Abelsen"
-0.776355851466168,"Nelleke Noordervliet"
-0.776355844340404,"Herman Philipse"
-0.772145351125836,"Elisabeth Zernike"
-0.734461463294636,"Herman Teirlinck"
-0.662560519712095,"Koen Dille"
-0.635525599358107,"Jef Scheirs"
-0.629861046666578,"Johan de Meester"
-0.626551078531827,"Allard Pierson"
-0.608132351937878,"Piet van Aken"
-0.597844342066474,"C.B. van Haeringen"
-0.59183425867558,"Hugo Claus"
-0.534382613304554,"Frans Coenen"
-0.530362696508748,"André Demedts"
-0.518210636944741,"Henry Riehm"
-0.508741515416255,"Joris Eeckhout"
-0.508445120993196,"Carl A.X.G.F. Sicherer"
-0.504538384698383,"Montanus de Haan Hettema"
-0.502585534378028,"H. van Cappelle"
-0.494770198506245,"W.J.A. de Witt Huberts"
-0.488125383620469,"Jan Pieter Nicolaas Land"
-0.486954294550508,"H.F.R. Hubrecht"
-0.485000118987662,"M.W.C. Gori"
-0.483047666017918,"D.J. Coster"
-0.475228601007073,"W. Heineken"
-0.475199361839253,"Henk Krijger"
-0.473273644790846,"Jacob Dirk Veegens"
-0.472635580837995,"W. Koster Gzn."
-0.469364145832264,"Willem Bernard Johannes van Eyk"
-0.467409410027085,"N. Donker"
-0.46154484563013,"H.G. Roodhuyzen"
-0.455678913671494,"W.C. Mees"
-0.451768177439489,"M.E.F. Elout van Soeterwoude"
-0.451145110144634,"Anton Gerard van Hamel"
-0.442292444395914,"Jan L. Walch"
-0.441990086414268,"H.U. Meyboom"
-0.440035894194472,"W.C. van Manen"
-0.44003549031884,"Frits Lapidoth"
-0.438078371780947,"J.F. van Bemmelen"
-0.432210498008631,"J.H. Kips"
-0.430254038089779,"F.V. Engelenburg"
-0.427324735433025,"Lieven Rens"
-0.426341344250533,"G.J. Kolff"
-0.425604202747583,"Antoon Thiry"
-0.421397207899887,"Ton Anbeek"
-0.418515396546479,"Guido Gezelle"
-0.418515394305784,"J. Verdam"
-0.416558705573627,"P. Leendertz (jr.)"
-0.4146019538998,"Henri van Booven"
-0.412645004195964,"Theodoor Bernard van Lelyveld"
-0.412645002153395,"Henri Dekking"
-0.412645000110896,"Herman Robbers"
-0.412644998068466,"L. Scharpé"
-0.408732124830509,"A. Kluyver"
-0.408731969202119,"Lode Baekelmans"
-0.406774184691015,"H.P. Staal"
-0.406774183005694,"Jacob Israël de Haan"
-0.406774181320484,"F. Dewitte"
-0.406774179635382,"Gerrit Grijns"
-0.406774174891549,"A. Taelman"
-0.404817074549108,"Herman Frederik Carel ten Kate"
-0.404817072941338,"J.H. Groenewegen"
-0.40481707133369,"Ivo Struyf"
-0.400902608104617,"F.M. Wibaut"
-0.398945353208012,"Jan Jacob Thomson"
-0.398945351674595,"Johan Christiaan van Eerde"
-0.398945341196216,"Radvliet"
-0.395030463333861,"Cyriel Verschaeve"
-0.395030461910825,"J.F.M. Sterck"
-0.393072873927052,"G.J. Hoogewerff"
-0.391115329581726,"G.C.J. Vosmaer"
-0.389157694848167,"D. Haagman"
-0.388770332393621,"Rutger Kopland"
-0.387199929699372,"André de Ridder"
-0.38524213784453,"J. Rietsema"
-0.385242136692796,"S. Ritsema van Eck"
-0.384369874100923,"Johan Kerstens"
-0.384212995517354,"Martinus Nijhoff"
-0.38328520069279,"S. Pinkhof"
-0.381326660721315,"Johan Tersteeg"
-0.381326659070662,"Florentijn Jan van der Mueren"
-0.379368254302551,"Wilhelmus Johannes Kühler"
-0.379368253086704,"D.Th. Jaarsma"
-0.379073305408822,"E. du Perron"
-0.377410216014345,"J. van Malderen"
-0.377410214909855,"Maurits de Meyer"
-0.377410213805579,"Marinus Willem de Visser"
-0.375452057461038,"L. Seurinck"
-0.374107606271583,"Cyriel Buysse"
-0.373494426368037,"Julius Plancquaert"
-0.369577249823014,"Eliseus Bruning"
-0.369577232843227,"Herman Menagé Challa"
-0.367618805638057,"P.L. van Eck jr."
-0.365660312900516,"Willem Maas"
-0.365660312247723,"Bernard Verhoeven"
-0.365660311595211,"Jeanne de Bruyn"
-0.363701754704105,"F. Bordewijk"
-0.363701754096313,"J.H. Kern"
-0.361743423145131,"G. van Overbeke"
-0.359784426774713,"J.C.M. Warnsinck"
-0.359784426260348,"Albert Verwey"
-0.359784425746288,"H.T. Damsté"
-0.357825966819125,"Douwe Kalma"
-0.3578259455696,"M.J. Langeveld"
-0.357825944520865,"Günther Müller"
-0.35782594347238,"A.S. de Blécourt"
-0.355866721671988,"Elisabeth du Perron-de Roos"
-0.355866720964959,"Jörgen Bukdahl"
-0.353907897779629,"Tine Brinkgreve-Wicherink"
-0.353907897332938,"Ar. Kwink"
-0.35390789688656,"J. van Heugten"
-0.353907896440496,"Léonce Reypens"
-0.353907895994744,"Paul Lebeau"
-0.35194895788659,"G.F.E. Gonggrijp"
-0.351948957220803,"J.I. Corrigan"
-0.351948956555318,"Jan Jozef van Laer"
-0.351948955890135,"Victor E. van Vriesland"
-0.34999024380096,"Boris Raptschinsky"
-0.349043092450806,"Jérome Alexandre Sillem"
-0.348031185201838,"Johannes Reitsma A.Tzn."
-0.348031183116674,"C.K. Elout"
-0.346072606541987,"Jozef Mertens"
-0.346072572056509,"Albe"
-0.344112432973237,"A. Hollenberg"
-0.34411243282017,"Gabriëlle Demedts"
-0.344112432667465,"Elmar Borg"
-0.340193935171569,"G.H. Blanken"
-0.340193934690557,"Ferdinand Langen"
-0.34019393420987,"L. Arts"
-0.340193933729508,"Walter F. Smet"
-0.340193928794913,"August Corbet"
-0.338234295653593,"T.J. Bezemer"
-0.338234295608132,"Stephanus de Clippele"
-0.335272224766313,"Virginie Loveling"
-0.33039591642415,"Frans van Cauwelaert"
-0.330395915460802,"Koos van Doorne"
-0.330395915407234,"R. Hoetink"
-0.330395915354065,"Henri Francois Técoz"
-0.330395915301295,"J.A.F. Wils"
-0.330395915248926,"G.F.W. van Berckel"
-0.32843613873675,"Fr. Nooyens"
-0.328436138607931,"Jan Elzo Niemeijer"
-0.328436138479524,"J. Veerman"
-0.328436138351528,"Liane Bruylants"
-0.328436138223945,"Karel Leroux"
-0.32843613635285,"Aart van der Leeuw"
-0.328436136227721,"Bert Schierbeek"
-0.328436136103006,"Raymond Jouve"
-0.326476302279432,"S. Davids"
-0.326476302029447,"Jef Suys"
-0.324516305878048,"Carl Mennicke"
-0.322556405893421,"A. Wapenaar"
-0.320596376184731,"R. Cointre"
-0.320174192043204,"C.F.P. Stutterheim"
-0.316676023835255,"Elisabeth Augustin"
-0.316676023634736,"Christiaan Terpstra"
-0.316676023434656,"Marten Brouwer"
-0.316676023235012,"A.G.H. Bachrach"
-0.316676023035806,"Guillaume van der Graft"
-0.314715887690043,"A.P. de Bont"
-0.314715885985325,"W.Gs Hellinga"
-0.31471588549084,"D.P. Blok"
-0.314715884996822,"Dirk Jan van der Laan"
-0.31275558766909,"J.C. Schuller"
-0.31275558712986,"Aart Romijn"
-0.31275558094082,"Tjalie Robinson"
-0.312755580415187,"Jeanne van Schaik-Willing"
-0.31079521909843,"D.A. de Graaf"
-0.310795218649329,"Piet Apol"
-0.308834789818063,"Oscar Timmers"
-0.308834789295479,"Ary Delen"
-0.306874564741972,"N.H. Ridderbos"
-0.3068745644645,"Coert Poort"
-0.306874558297266,"Hans Andreus"
-0.306874558048514,"Swan-Liat Kwee"
-0.304913744225462,"Maurice Roelants"
-0.304913743490336,"S.J. Popma"
-0.304913742755715,"Herman Uyttersprot"
-0.304913742021602,"Jacques Dewaele"
-0.3029531486787,"Lode Bisschop"
-0.302953147981487,"K.F. Proost"
-0.302953145381413,"Ellen Warmond"
-0.300992422983499,"J.C. van Schagen"
-0.299031670489348,"Jan D. 't Lam"
-0.299031669774222,"Nora Petit"
-0.299031665578728,"C.M. Geerars"
-0.297070871113264,"Jan Aler"
-0.297070870296739,"Lucebert"
-0.29707086948074,"Koos Schuur"
-0.297070868665267,"Jakobus Kloek"
-0.29511090690768,"S.C. Holleman-Stevens"
-0.295110906875315,"J. van der Eng"
-0.295110906210882,"A.M. Meerloo"
-0.293149057110608,"Jozef Boets"
-0.293149051191864,"Julien Vandiest"
-0.293149050465184,"Hella S. Haasse"
-0.291188034946354,"I.N. Bulhof-Rutgers"
-0.28922684859955,"Kees Fens"
-0.289226847746969,"J. Weisgerber"
-0.289226846894931,"F. Bulhof"
-0.289226846043435,"H.P.H. Teesing"
-0.289226845192479,"Roger van de Velde"
-0.289044120724712,"Stijn Streuvels"
-0.287265788402531,"H.B. de Groot"
-0.287265787245478,"H. Schaafsma"
-0.286828508446989,"A.L. Sötemann"
-0.285305541939382,"Walter Haesaert"
-0.285305524033929,"Heere Heeresma"
-0.285305523698552,"Ernst van Raalte"
-0.283343320878189,"G.W. Huygens"
-0.283343315875273,"B.Th. Tervoort"
-0.283343314675114,"L.M. van Dis"
-0.283343313475539,"L. Koelmans"
-0.283343312276547,"W.A.M. de Vroomen"
-0.279420901199971,"Raymond Vervliet"
-0.279420890270523,"Paul Goodman"
-0.2774591436637,"Willem Pée"
-0.277459142388165,"Martin Hartkamp"
-0.277459141113235,"Maurits Mok"
-0.277459139838907,"M.J.M. de Haan"
-0.277459125670651,"Alvin W. Gouldner"
-0.275497617336924,"F.L. Zwaan"
-0.275497615887757,"Jan Lechner"
-0.275497614439215,"J.G. Kooij"
-0.273536035884837,"P. Spigt"
-0.273536028761184,"Lidy van Marissing"
-0.271574311042186,"J.A. Verschoor"
-0.271574309724056,"Peter Nijmeijer"
-0.271574308406541,"Wouter Donath Tieges"
-0.269612639339878,"Rita Ghesquiere"
-0.26961263273288,"Hugues C. Pernath"
-0.269612631310057,"E.J. Dommering"
-0.269612629887865,"Toon Tellegen"
-0.269612628466303,"Joyce van Lankeren"
-0.267650833208166,"Jan Vercammen"
-0.267650831726771,"Dirk Coigneau"
-0.267650830246016,"Paul Rodenko"
-0.265689038922457,"Lyckle de Vries"
-0.265689037239225,"J.J.A. Mooij"
-0.265689035556656,"Wim Markus"
-0.26372714600141,"Rudolf Dekker"
-0.263727144260464,"Gérard van den Eerenbeemt"
-0.263727142520191,"G.J.H. van Gelder"
-0.261765142193607,"Henk Hillenaar"
-0.261765140429585,"Quirinus Ignatius Maria Mok"
-0.261765138666238,"Arie Zevenhuijzen"
-0.261765136903566,"Herman Pleij"
-0.261765135141571,"Willem M. Roggeman"
-0.259803123645351,"Joris Note"
-0.259803121946871,"Gerrit van Olivier"
-0.257841041213168,"Hans de Greve"
-0.257841039334813,"Adam Szirmai"
-0.257841033110853,"Henk de Velde"
-0.257841031237038,"P. Smoor"
-0.257841029363919,"Hans Bertens"
-0.255879228219359,"C. Pama"
-0.255879226825816,"Lo van Driel"
-0.25587922543291,"Dorian Cumps"
-0.25587922404064,"Gerrit Borgers"
-0.255879222649006,"Aleid Truijens"
-0.255566931243401,"Huub Beurskens"
-0.25391666724139,"Carel Peeters"
-0.253916665601556,"M.A. Schenkeveld-van der Dussen"
-0.253916663962406,"Sandro Briosi"
-0.253916662323941,"Pascal Tasiaux"
-0.253916651962113,"Edmund Licher"
-0.25195470650152,"W. Blok"
-0.251954683049004,"Fabian R.W. Stolk"
-0.251954669974214,"Arie-Jan Gelderblom"
-0.251954668515382,"Josepha Mendels"
-0.251954667057199,"Salvador Hertog"
-0.251954662146149,"Jan G. Elburg"
-0.25195466069214,"René van Hezewijk"
-0.251954659238779,"Hero Hokwerda"
-0.249992031520585,"H.L. Wesseling"
-0.249992029553193,"Tineke ter Meer"
-0.249992027586514,"H.B.G. Casimir"
-0.24999202562055,"Kester Freriks"
-0.249992023655302,"Jan Bakker"
-0.248029610310802,"Philip van der Eijk"
-0.248029608331206,"Louise O. Fresco"
-0.248029606352326,"Loden Vogel"
-0.246067317779758,"J.V. Schmöler"
-0.246067309964778,"Alex van Schooten"
-0.2453832498019,"Samuel Adrianus Naber"
-0.244104594979437,"Alex Reinders"
-0.244104593102546,"Peter Meel"
-0.242141975070727,"R.Th. van der Paardt"
-0.240180285445097,"W.A.M. de Moor"
-0.240180276900941,"Mary G. Kemperink"
-0.240180271963272,"Eric Vos"
-0.24018026737105,"Saskia van As"
-0.240180231778125,"Carla Rijkenberg"
-0.240180220911633,"Peter Drehmanns"
-0.240180219480363,"Robert Steijn"
-0.238216598691144,"Han Foppe"
-0.238216596500066,"Walter van den Broeck"
-0.238216594309743,"Jo Tollebeek"
-0.238216592120174,"Georgine Sanders"
-0.238216589931361,"Margreet Schrevel"
-0.238216587743304,"Niels Helsloot"
-0.238216580581064,"Hans Goedkoop"
-0.238216573431099,"Piet Gerbrandy"
-0.237904942293196,"Ch.M. van Deventer"
-0.236253806110964,"Frida Balk-Smit Duyzentkunst"
-0.236253803926412,"Herman de Coninck"
-0.236253801742621,"Catherine Barel"
-0.234290937970537,"G.J. Dorleijn"
-0.234290898748877,"Hugo Dittberner"
-0.234290891655991,"Henk Romijn Meijer"
-0.23232806637969,"Rüdiger Safranski"
-0.230365068110022,"René Boomkens"
-0.230365065829456,"C.F. van Beusekom"
-0.229683404544489,"Jakob Karel Willem Quarles van Ufford"
-0.228402065402668,"J. de Groot"
-0.228402062882496,"Didi de Paris"
-0.228402060363123,"Ed Leeflang"
-0.228402057844552,"M. Fennema"
-0.228402055326779,"Mark Boog"
-0.226438980689442,"Hans Groenewegen"
-0.226438978132056,"Wim van de Woestijne"
-0.223820182894558,"Willem Pieter Wolters"
-0.222381701085567,"M.E. Belpaire"
-0.208791210129647,"Nikolaas Gerard Pierson"
-0.205425178849069,"Arnold Werumeus Buning"
-0.200717896122772,"Carry van Bruggen"
-0.195819758705186,"W. Jaeger"
-0.18554806856001,"Hendrik Hooyer"
-0.180613255922704,"Gerard Keller"
-0.168089962382679,"P. Geyl"
-0.148899813167181,"Lita de Ranitz"
-0.14743013141501,"Johannes Hermanus Gunning J. Hzn."
-0.14421258829741,"R.A. Kollewijn"
-0.130966835209464,"Carel van Nievelt"
-0.109095909333609,"Isidoor Teirlinck"
-0.100713798326869,"Jozef Muls"
-0.0968077752198214,"Top Naeff"
-0.0879401851148825,"Patricia de Martelaere"
-0.0876637777772909,"Louis Paul Boon"
-0.0854092182103713,"A.M. Hammacher"
-0.0771071536557447,"A.J.D. van Oosten"
-0.0760859358269689,"Christine D'haen"
-0.0753023680712084,"NA"
-0.0750711592165205,"Emmanuel de Bom"
-0.0732756685601183,"August van Cauwelaert"
-0.061545744865341,"Robert Fruin"
-0.0601375562565577,"Jan Romein"
-0.0509174149460042,"Wiel Kusters"
-0.0425375667551847,"C. Vermeer"
-0.0374998371802521,"C. de Deugd"
-0.0211861838157276,"P.A.S. van Limburg Brouwer"
-0.0207536989268371,"Jeroen Brouwers"
-0.013637906849567,"Simon Vestdijk"
-0.0123802728665118,"Arie de Froe"
-0.00978943292415527,"Paul de Wispelaere"
-0.00776851896248567,"Ton Naaijkens"
-0.00472328617535954,"Frans de Haes"
-0.00257002440828782,"_year"
0,"Jacobus Izaäk Doedes"
0,"E.J. Potgieter"
0,"J.A. Alberdingk Thijm"
0,"Jacob Leonard de Bruyn Kops"
0,"Willem Jan Knoop"
0,"Willem Gerard Brill"
0,"Johannes Adriaan Molster"
0,"Antonie Niermeyer"
0,"F.M. Cowan"
0,"P.J. Veth"
0,"Tobias van Westrheene Wzn"
0,"H.P.G. Quack"
0,"B.H.C.K. van der Wijck"
0,"Ernst Julius Kiehl"
0,"J.S.G. Gramberg"
0,"H.P. van Karnebeek"
0,"G. Kalff"
0,"W.G.C. Byvanck"
0,"H.J. Polak"
0,"Joh. Dyserinck"
0,"E.B. Kielstra"
0,"N.P. van den Berg"
0,"Carel Scharten"
0,"H.T. Colenbrander"
0,"J.A.N. Knuttel"
0,"Just Havelaar"
0,"J. Prinsen J.Lzn"
0,"H. Burger"
0,"Ina Boudier-Bakker"
0,"Henri Borel"
0,"P.C. Boutens"
0,"Lod. van Mierop"
0,"E. Vliebergh"
0,"Albin van Hoonacker"
0,"L. van der Essen"
0,"Gerrit Simons"
0,"P. Janssens"
0,"P.J. van Winter"
0,"D.F.W. van Lennep"
0,"A.C. Josephus Jitta"
0,"H.A. Enno van Gelder"
0,"Uys Krige"
0,"J.A. van Houtte"
0,"W. De Roy"
0,"René Verbeeck"
0,"Staf Weyts"
0,"Alfons Walschap"
0,"Stephanie Claes-Vetter"
0,"J. Keunen"
0,"Johanna Dorina Hintzen"
0,"Floris Evers"
0,"F.E. Frenkel"
0,"Sippora Stibbe"
0,"D. van der Meulen"
0,"Paul de Vree"
0,"Wim Klinkenberg"
0,"Wim Gijsen"
0,"W.G. Wolters"
0,"D.A.L. Schröder"
0,"Teo Anton van Kooten"
0,"J. ten Brink"
0,"Jo van Ham"
0,"J.H. Waszink"
0,"L. Strengholt"
0,"Jan C. Villerius"
0,"Marc Galle"
0,"Karel Jonckheere"
0,"Martien J.G. de Jong"
0,"L.J.F. Wijsenbeek"
0,"W.F. Wertheim"
0,"Abram de Swaan"
0,"Wessel te Gussinklo"
0,"S.C. Dik"
0,"Annie Romein-Verschoor"
0,"Pieter A.M. Seuren"
0,"J. Kamerbeek jr."
0,"Harry G.M. Prick"
0,"Willy Spillebeen"
0,"Bert Vanheste"
0,"P.J. Meertens"
0,"J.G. Gleichman"
0,"Nellie van Kol"
0,"G.H. Marius"
0,"D.E. Siegenbeek van Heukelom"
0,"Conrad Th. van Deventer"
0,"A. Kluijver"
0,"G.A. van Hamel"
0,"Paul François Hubrecht"
0,"R.P.J. Tutein Nolthenius"
0,"Michiel Johannes de Goeje"
0,"Pieter Gerard van Schermbeek"
0,"Monika van Paemel"
0,"Joachim von der Thüsen"
0,"W.J. van den Akker"
0,"Jaap Goudsmit"
0,"August Hans den Boef"
0,"Hans van den Bergh"
0,"Peter van Ham"
0,"Klaus Siegel"
0,"Evert van Uitert"
0,"Casper Hakfoort"
0,"Anneke Brassinga"
0,"Léon Hanssen"
0,"Cees van der Pluijm"
0,"Paul Binnerts"
0,"Simon Vinkenoog"
0,"J. Breman"
0,"W.P. Gerritsen"
0,"Ton van der Wouden"
0,"H.J. Verkuyl"
0,"Yvette Stoops"
0,"Hans Anten"
0,"Leo Jansen"
0,"Jan Nijen Twilhaar"
0,"Luk Adriaens"
0,"Koen Vermeiren"
0,"Boris Todoroff"
0,"Leonard Beuger"
0,"Hugo Bousset"
0,"Annie Salomons"
0,"A. van Collem"
0,"Frans Erens"
0,"Madeleine Böhtlingk"
0,"Willem Jan Mari van Eysinga"
0,"Jan Veth"
0,"D.C. Tinbergen"
0,"Johannes van der Elst"
0,"Jan Koopmans"
0,"Jelte Dijkstra"
0,"Maurits Wagenvoort"
0,"F.J. de Holl"
0,"Jan van Nijlen"
0,"Herman Baccaert"
0,"Caesar Gezelle"
0,"V. Willems"
0,"Henricus Oort"
0,"Jozef Israëls"
0,"Hélène Swarth"
0,"A. Hotz"
0,"J. de Jager"
0,"Gideon Busken Huet"
0,"Margo Scharten-Antink"
0,"Marie Metz-Koning"
0,"Trabadoeli"
0,"A. Dupont"
0,"Julie van der Lans-Russel"
0,"Lambrecht Lambrechts"
0,"A.W. Sanders van Loo"
0,"Jules Persyn"
0,"R.P.A. Dozy"
0,"Nicolas Charles Sieburgh"
0,"W.C.A. Staring"
0,"Matthée Corneille Valeton"
0,"Cornelia Serrurier"
0,"Johan Huizinga"
0,"J.J.L. Duyvendak"
0,"P.N. van Eyck"
0,"H.D.H. Bosboom"
0,"A.J.C. Geerts"
0,"A.J.A. Gerlach"
0,"S.J. Hingst"
0,"J.T. Buys"
0,"L.M.J. Glasius"
0,"Henri Ernest Moltzer"
0,"M.C.L. Lotsij"
0,"H. van de Stadt"
0,"Dirk Coster"
0,"C.G.N. de Vooys"
0,"Wobbe de Vries"
0,"Jan de Gruyter"
0,"Julius de Wachtere"
0,"G.P. Rouffaer"
0,"Margaretha Meijboom"
0,"R.C. Boer"
0,"A.W. Byvanck"
0,"D.G. Jelgersma"
0,"W.L.P.A. Molengraaff"
0,"B.J.H. Ovink"
0,"J.E. Enklaar"
0,"Samuel Kalff"
0,"Ernest van der Hallen"
0,"Gerard Wijdeveld"
0,"P. van Schilfgaarde"
0,"B.A. van Groningen"
0,"J. Mansion"
0,"Anton Van de Velde"
0,"Gabriël Smit"
0,"Urbain van de Voorde"
0,"Desiderius Erasmus"
0,"H.H.J. Maas"
0,"Jan Greshoff"
0,"M.R.J. Brinkgreve"
0,"H.L. van Oordt"
0,"Menno ter Braak"
0,"J. Slauerhoff"
0,"Richard Minne"
0,"Raphaël M.J. Kreemers"
0,"Frank van den Wijngaert"
0,"Maurice De Tollenaere"
0,"Edward Rombauts"
0,"J.C. Brandt Corstius"
0,"A.W.C. Zuidema"
0,"Fernand Toussaint van Boelaere"
0,"J.L. Pauwels"
0,"Pierre H. Dubois"
0,"Jos de Haes"
0,"Albert van Driessche"
0,"H. Enno van Gelder"
0,"Piet Calis"
0,"Eddy van Vliet"
0,"Willem G. Weststeijn"
0,"Jules Dister"
0,"Paul van Heck"
0,"Paul M. Doolan"
0,"M.A. Wes"
0,"Pieter de Meijer"
0,"Cok van der Voort"
0,"Aaldrik Koops"
0,"Johan van Benthem"
0,"M.K. van Dort-Slijper"
0,"Majorie Bottenheim"
0,"Leo Ross"
0,"Rob Rentenaar"
0,"L.J. Zimmerman"
0,"Bob den Uyl"
0,"A. Ladan"
0,"G. van Benthem van den Bergh"
0,"B. Hunningher"
0,"Sjaak de Mey"
0,"D.M. Bakker"
0,"Fr. Daems"
0,"W. Drop"
0,"J.J.M. Westenbroek"
0,"Ivo Michiels"
0,"Frans Depeuter"
0,"Hugo Brems"
0,"Jan Ploeger"
0,"Nelleke van Maaren"
0,"Bob de Nijs"
0,"A.L. Constandse"
0,"Jan Blokker"
0,"Hans Berghuis"
0,"G. Dijkink"
0,"P.C. Paardekooper"
0,"F. van Elmbt"
0,"Fernand Auwera"
0,"Julien Vermeulen"
0,"Toine Hovens"
0,"Lela Zeckovic"
0,"Klaas Iwema"
0,"G. Engelberg"
0,"Pierre Kemp"
0,"Wiel van der Randen"
0,"Anton van Duinkerken"
0,"Hendrik Riemens"
0,"Maurits Sabbe"
0,"Th.J.G. Locher"
0,"Hugo Vandeperre"
0,"E.J. Vandenbussche"
0,"Paul de Ryck"
0,"Marcel Grypdonck"
0,"G.G. Kloeke"
0,"Henri Raloff"
0,"A.L.W. Seyffardt"
0,"Pieter Heering"
0,"K.W. van Gorkom"
0,"Melchior Treub"
0,"M. de Ras"
0,"Nicolaas de Roever"
0,"R.F. Beerling"
0,"D.W. Fokkema"
0,"Peter Hofstede"
0,"J. van Baal"
0,"Ronald Landheer"
0,"Hans van Dijk"
0,"August Vermeylen"
0,"Lucienne Stassaert"
0,"Johan van der Woude"
0,"H. Bonger"
0,"Robert van Genechten"
0,"I.H. Gosses"
0,"A.A. Bake"
0,"C.T. van Valkenburg"
0,"Felix Rutten"
0,"Eugène de Hovre"
0,"Marie Koenen"
0,"Eppe Wiersum"
0,"Elie van Rijckevorsel"
0,"Abraham Seyne Kok"
0,"Philippe Zilcken"
0,"Jan Carel Matthes"
0,"P.W.A. Cort van der Linden"
0,"A.W. Pulle"
0,"H. Logeman"
0,"Antoon Derkinderen"
0,"F. de Haan"
0,"Hugo de Vries"
0,"Israël Querido"
0,"Nico van Suchtelen"
0,"Z. Peeters"
0,"I. de Vreese"
0,"E.J. Mertens"
0,"J.S. van Veen"
0,"L.H. Slotemaker"
0,"Anton Koolhaas"
0,"Karel Meeuwesse"
0,"Marnix Gijsen"
0,"R. de Jong"
0,"N.A. Donkersloot"
0,"Ben Stroman"
0,"Ad den Besten"
0,"Jan H. de Groot"
0,"T.J. Haarhoff"
0,"Max Rooses"
0,"Johan Hendrik Gallée"
0,"J.J.P. Valeton"
0,"T.T.H. Jorissen"
0,"A.W. Kroon-Star Numan"
0,"Jacob Gijsbert de Hoop Scheffer"
0,"J.A.F.L. van Heeckeren"
0,"Balthazar Heldring"
0,"A.J.W. Farncombe Sanders"
0,"Wina Born"
0,"Jacq Firmin Vogelaar"
0,"Hans Ester"
0,"Jan Mulder"
0,"Cisca Dresselhuys"
0,"Jaap Goedegebuure"
0,"Piet de Rooy"
0,"Theo de Boer"
0,"Hugo Pos"
0,"Frits Staal"
0,"C.P. Bakker"
0,"Job Creyghton"
0,"Enno Endt"
0,"Paul van der Heijde"
0,"P.J. Buijnsters"
0,"J. Lachlan Mackenzie"
0,"Antoine Braet"
0,"Odile Heynders"
0,"Hanneke Mulder"
0,"A. Sturm"
0,"Luc Renders"
0,"Mark Insingel"
0,"Jan Brokken"
0,"Otto Dijk"
0,"R.J. Valkhoff"
0,"J. Patijn"
0,"M.J. Sirks"
0,"J. Heyrman"
0,"A. Snoeck"
0,"Emiel van der Donck"
0,"H. Walgrave"
0,"W. Luyten"
0,"K.H. Heeroma"
0,"Isaäc Dornseiffen"
0,"Jan Willem Nicolaas Mosselmans"
0,"D.E.W. Wolff"
0,"W.A. Reiger"
0,"N.J. den Tex"
0,"D. Huizinga"
0,"Marinus Lodewijk van Deventer"
0,"Simon Gorter"
0,"Tobias Michael Carel Asser"
0,"Piet van Os"
0,"Albert Helman"
0,"Augusta de Wit"
0,"C. de Boer"
0,"J.Z. Kannegieter"
0,"Nine van der Schaaf"
0,"August Defresne"
0,"Henriette Barbe"
0,"Edw. De Schaepdrijver"
0,"Oskar Katann"
0,"Filip de Pillecyn"
0,"J.A. Hallez"
0,"W. van Schothorst"
0,"V.S. Naipaul"
0,"Peter Hoefnagels"
0,"H.E. Ruitenberg"
0,"Charles Vergeer"
0,"A.A. Keersmaekers"
0,"B. van den Berg"
0,"Tymen Trolsky"
0,"J.J. Wesselo"
0,"D.C. Hesseling"
0,"Christiaan Snouck Hurgronje"
0,"Lodewijk Dosfel"
0,"Omer Karel de Laey"
0,"R.W.P. de Vries"
0,"Willem Polman Kruseman"
0,"Bernard Gewin"
0,"C.A. Worp-Roland Holst"
0,"Jan Frederik Niermeyer"
0,"T.J. de Boer"
0,"John Lancaster Spalding"
0,"Anna Germonprez"
0,"A.G. Welvaar"
0,"W.R. van Hoëvell"
0,"Conradus Leemans"
0,"Sonja Prins"
0,"Ferenc Karinthy"
0,"Jan Noort"
0,"J.J. Oversteegen"
0,"E.M. Uhlenbeck"
0,"C.F.A. van Dam"
0,"R. Vos"
0,"Peter van Eeten"
0,"W.A.P. Smit"
0,"M.C. van den Toorn"
0,"Robin Hannelore"
0,"J.V. Rijpperda Wierdsma"
0,"H.G. van Bueren"
0,"Ton Ceelen"
0,"Frans de Rover"
0,"Thom Holterman"
0,"Fréderique van Cleeff-Hiegentlich"
0,"Frans Weitenberg"
0,"A.C. Zijderveld"
0,"W. Gobbers"
0,"Rob Wolfs"
0,"Tini Booij"
0,"R. Blok"
0,"Martin Ros"
0,"Daniël Hartevelt"
0,"Willem Arnold Pieter Pistorius"
0,"Johan Drabbe"
0,"Samuël Senior Coronel"
0,"D.W. Rost van Tonningen"
0,"Ewaldus Daniël Pijzel"
0,"Margaretha Wijnanda Maclaine Pont"
0,"P.A. Tiele"
0,"Johan Hora Adema"
0,"G.F. Haspels"
0,"Gerard Heymans"
0,"A.G. van Hamel"
0,"Foeke Buitenrust Hettema"
0,"J.J. van Toorenenbergen"
0,"Barthold Jacob Lintelo de Geer van Jutphaas"
0,"Herman Heijermans"
0,"L. Knappert"
0,"Leo Simons"
0,"Hendrik Barend Greven"
0,"D. Simons"
0,"M.J. Pijnappel"
0,"H.Y. Groenewegen"
0,"G.H. Betz"
0,"S. van Aken"
0,"Paul Alberdingk Thijm"
0,"G.W. van der Does"
0,"J.W.F. Werumeus Buning"
0,"F. De Raedemaeker"
0,"H. Thielemans"
0,"V.W.D. Schenk"
0,"Raymond Herreman"
0,"A.J. Schneiders"
0,"Maarten Steenmeijer"
0,"Michiel van Kempen"
0,"Jean A. Schalekamp"
0,"B.G.J. de Graaff"
0,"Manet van Montfrans"
0,"Henna Goudzand"
0,"Roel J. den Dulk"
0,"Wardy Poelstra"
0,"Fons van Buuren"
0,"Margriet de Moor"
0,"G.P. Bakker"
0,"J.A. Simons-Mees"
0,"P.J. van Löben Sels"
0,"Anna Ekker"
0,"Th. Heidebrand"
0,"Paolo Gentili"
0,"Johannes Jörgensen"
0,"Jan Stuyt"
0,"J. Erembout"
0,"Henrick Witte"
0,"J.J. Salverda de Grave"
0,"P.J. Blok"
0,"H.J. de Dompierre de Chaufepié"
0,"R. Roegholt"
0,"Henk van Kerkwijk"
0,"R.A. Cornets de Groot"
0,"Leo Vroman"
0,"J. van Wijk"
0,"G.J.M. van het Reve"
0,"W. Langeveld"
0,"Adri Laan"
0,"Pszisko Jacobs"
0,"Frank C. Maatje"
0,"P.E.L. Verkuyl"
0,"Eugène van Itterbeek"
0,"Daniël Veegens"
0,"Hieronymus van Alphen"
0,"R.P. Mees Azn."
0,"J.D. de Jong"
0,"C. Honigh"
0,"Willem A. Hecker"
0,"M.H. van Campen"
0,"N.J. Singels"
0,"Gerrit Kalff jr."
0,"Th.M. Roest van Limburg"
0,"H. Kern"
0,"C.P. Burger"
0,"J. Mathijs Acket"
0,"Jan te Winkel"
0,"D.A. van Waalwijk"
0,"Aart Admiraal"
0,"Cornelius Marius Kan"
0,"Marie Ramondt"
0,"R.P. Cleveringa"
0,"A.V.N. van Woerden"
0,"B.L. van der Waerden"
0,"E.J. Dijksterhuis"
0,"C.W. Roldanus"
0,"H.J. Pos"
0,"J.C.M. Kruisinga"
0,"Karel van het Reve"
0,"Joh. H. Been"
0,"B.D. Eerdmans"
0,"Pol de Mont"
0,"H.L.F. Pisuisse"
0,"H.A. Kooyker"
0,"Frederik van Eeden"
0,"Ida Heijermans"
0,"Frank van der Goes"
0,"Pieter G. Buckinx"
0,"Doris Lessing"
0,"Cola Debrot"
0,"Jan van Zutphen"
0,"J.B. Charles"
0,"H.W.J.M. Keuls"
0,"Nico Rost"
0,"B. Sluimers"
0,"F.I.J. van Rensburg"
0,"Lodewijk van Deyssel"
0,"G. van Rijnberk"
0,"Marie Snijder van Wissenkerke"
0,"Alfons de Cock"
0,"Tom Bruce"
0,"Herman Linnebank"
0,"M.A. Gooszen"
0,"J.J. Tavenraat"
0,"Jacques Hamelink"
0,"Joke Kool-Smit"
0,"Arend Heyting"
0,"Huib Riethof"
0,"Chris van der Weye"
0,"Clem Schouwenaars"
0,"Johanna Fortuin"
0,"Ger Harmsen"
0,"Kazimir Malewitsj"
0,"E. van der Starre"
0,"J.G. Bomhoff"
0,"Wilco H. thoe Schwartzenberg en Hohenlansberg"
0,"Hubert Lampo"
0,"Henk Kuitenbrouwer"
0,"Kees van Bruggen"
0,"A. Roland Holst"
0,"Pieter Jan Bouman"
0,"C.J. de Vogel"
0,"Anton Reichling"
0,"Raymond Brulez"
0,"Pieter Fijn van Draat"
0,"Marc Reugebrink"
0,"Joke J. Hermsen"
0,"Doeschka Meijsing"
0,"Ethel Portnoy"
0,"Martien Kappers"
0,"Marja Brouwers"
0,"H.J. Houte"
0,"Marc de Kesel"
0,"Frank Jansen"
0,"Erica van Boven"
0,"Kreek Daey Ouwens"
0,"Gerrit Krol"
0,"Leen Huet"
0,"Jacob Adolf Bruno Wiselius"
0,"D.C. Meijer"
0,"H. van Cappelle jr."
0,"Willem van Toorn"
0,"Maurice Gilliams"
0,"Sven Danner"
0,"Xandra Schutte"
0,"Arnold Heumakers"
0,"Bart Vervaeck"
0,"Willem Brakman"
0,"E.K. Grootes"
0,"N. van Wijk"
0,"J.H. Holwerda"
0,"Jac. van Ginneken"
0,"Jan Fabricius"
0,"Leo van Puyvelde"
0,"Daniel de Swaef"
0,"W.P. Kops"
0,"Richard Roland Holst"
0,"Gerbert Scholten"
0,"Edith Werkendam"
0,"F. Adama van Scheltema"
0,"Emmy van Lokhorst"
0,"Kees Meekel"
0,"Karel Elebaers"
0,"A. van Langendonck"
0,"C.D.H. Schneider"
0,"Frederik Christiaan de Brieder"
0,"F.H. Boogaard"
0,"W.K. van Dedem"
0,"L. de Hartog"
0,"A. Elink Sterk jr."
0,"H.C. ten Berge"
0,"J.J. Witkam"
0,"C.J.M. Schuyt"
0,"M. Rutten"
0,"P.G.J. van Sterkenburg"
0,"B.H. Erné"
0,"F.L. Bastet"
0,"J.P. Guépin"
0,"Frank vande Veire"
0,"Chris Keulemans"
0,"Benjamin Biebuyck"
0,"Kees Hogenbirk"
0,"G.L. Durlacher"
0,"Jan Ritsma"
0,"Arie Pos"
0,"Wim Honselaar"
0,"W.J.M. van Calcar"
0,"Maarten Klein"
0,"Marjolein Hogenbirk"
0,"Mieke Koenen"
0,"Jos Joosten"
0,"Vincent Hunink"
0,"Reinold Vugs"
0,"Jan Noordegraaf"
0,"Piet Couttenier"
0,"Connie Palmen"
0,"Peter van Zonneveld"
0,"G. Révész"
0,"H. Wagenvoort"
0,"Edouard Dhanis"
0,"Jacob Haantjes"
0,"D.T. Spronk"
0,"J.A. van der Made"
0,"J.E. Sachse"
0,"A.L.H. Ising"
0,"A.S.C. Wallis"
0,"J. Menno Huizinga"
0,"H.L. Berckenhoff"
0,"Izaak Jan le Cosquino de Bussy"
0,"G.A. van Poelje"
0,"Marcus de Jong"
0,"G.J. Geers"
0,"J. Presser"
0,"Prosper de Smet"
0,"C.W. Rietdijk"
0,"B. de Ligt"
0,"G.J. de Vries"
0,"G.H. 's- Gravesande"
0,"Auke Jelsma"
0,"Anton B. Lam"
0,"Kees Ouboter"
0,"Jacoba M. Vreugdenhil"
0,"H.H.J. de Leeuwe"
0,"Gerrit Kouwenaar"
0,"Hendrik de Waard"
0,"H. de la Fontaine Verwey"
0,"Pearl S. Buck"
0,"Gerard den Brabander"
0,"Peter van Steen"
0,"Gerlach Royen"
0,"Gilbert Degroote"
0,"Dingeman van der Stoep"
0,"Jacques Schreurs"
0,"Arie Mout"
0,"Max Croiset"
0,"Jan Willem Hofstra"
0,"Theo J. van der Wal"
0,"Elisabeth Keesing"
0,"A.C.M. Kurpershoek-Scherft"
0,"Hugo Maron"
0,"Herman van Poland"
0,"Kåre Langvik-Johannessen"
0,"René Berghen"
0,"A.A. Weijnen"
0,"Robert Macalester Loup"
0,"A.A.W. Hubrecht"
0,"Josephine Giese"
0,"Abraham Robert Arntzenius"
0,"C.W. Opzoomer"
0,"Dirk Harting"
0,"J.P. Arend"
0,"L.Ph.C. van den Bergh"
0,"C.J. Hasselman"
0,"J.H. Deibel"
0,"J. Everts"
0,"Kornelis Sneyders de Vogel"
0,"G.E.W. van Hille"
0,"Hendrik Jacob van der Heim"
0,"Jan Heemskerk Bzn."
0,"Hendrik Chistiaan Millies"
0,"Th. Swart Abrahamsz"
0,"Johannes Hermanus Gunning jr."
0,"Pieter Antonie van der Lith"
0,"J.R. Evenhuis"
0,"Alfred Kossmann"
0,"Leo Fretz"
0,"Alain Bossuyt"
0,"A. Meintema"
0,"Johannes Kneppelhout"
0,"J.C. Reepmaker"
0,"J.W. Marmelstein"
0,"F. Dijkema"
0,"Ed Coenraads"
0,"J. Saks"
0,"W. Haanstra"
0,"Carla van Lidth de Jeude"
0,"M.H.J. Schoenmaekers"
0,"Jozef van Reusel"
0,"Aloïs Walgrave"
0,"Hendrik de Veer"
0,"P.C. Margadant"
0,"Taco Roorda"
0,"B.J. Stokvis"
0,"Sytze Hoekstra Bzn."
0,"H.W. Schroeder van der Kolk"
0,"Abraham Kuenen"
0,"Hendrik Adriaan Antonius van Berckel"
0,"Bernard Dominicus Hubertus Tellegen"
0,"Albert Hendrik Arnoldus Ekker"
0,"Gust Gils"
0,"Jan J. Klant"
0,"Jan Noordhoek"
0,"J.H. Kamstra"
0,"W. van Drimmelen"
0,"Bram van der Lek"
0,"H.M. Eliassen-de Kat"
0,"A. van Loey"
0,"Pol Hoste"
0,"José Boyens"
0,"Elizabeth Visser"
0,"G.E. Voorhelm Schneevoogt"
0,"Pieter Leendertz Wz."
0,"Aug. Philips"
0,"Jan Pieter Heije"
0,"Frans W. Saris"
0,"Frans van Woerden"
0,"Tessel Pollmann"
0,"Sjaak Commandeur"
0,"Helen Gerretsen"
0,"Eelco Runia"
0,"Joep Leerssen"
0,"Joris Gerits"
0,"Edwin Rabbie"
0,"Joost van der Vleuten"
0,"Karel Kuypers"
0,"Franz Hellens"
0,"J. Bronowski"
0,"Manja Croiset"
0,"John den Admirant"
0,"Helma Wolf-Catz"
0,"Leopold Flam"
0,"Louis de Bourbon"
0,"Anton van Wilderode"
0,"M.E. Kluit"
0,"Michel Korzec"
0,"Rudolf Geel"
0,"P. Schumacher"
0,"Gerbrand Muller"
0,"E. Oey-de Vita"
0,"A.M. Duinhoven"
0,"J.L. Price"
0,"Michel Bartosik"
0,"H.J. Prakke"
0,"A.J. Bothenius Brouwer"
0,"K.O. Meinsma"
0,"Johanna A. Wolters"
0,"Paul Snoek"
0,"Ewald Vanvugt"
0,"Han Lammers"
0,"Margaretha Ferguson"
0,"P. Valkenburgh"
0,"Louis Ferron"
0,"Sybren Polet"
0,"C. Buddingh'"
0,"C. Ouboter"
0,"Frederice van Faassen"
0,"A.J. van Dulst"
0,"F. van Lennep"
0,"J. Popken"
0,"Hendrik Henrichs"
0,"F. Veenstra"
0,"Will Derks"
0,"Geert Adriaens"
0,"J.B. Drewes"
0,"Evert de Jong"
0,"Anne Marie Musschoot"
0,"Robert Hennebo"
0,"Marc Reynebeau"
0,"G. Puchinger"
0,"Maarten van Buuren"
0,"J. Heymans"
0,"Paul Casparie"
0,"Nico Frijda"
0,"C.J.F. Stuldreher"
0,"Stefaan van den Bremt"
0,"E.M. Barth"
0,"Jan Fontijn"
0,"Peter Zeeman"
0,"Remco Ekkers"
0,"Hein Groen"
0,"A.E. Jacobs"
0,"Ad Zuiderent"
0,"Vic Nachtergaele"
0,"Hans Reeser"
0,"Em. Querido"
0,"M.A. van Herwerden"
0,"P.H. van Moerkerken jr."
0,"Karel Wasch"
0,"Hendrik Blink"
0,"Victor Spoor"
0,"H.W. van Tricht"
0,"C.J. Greshoff"
0,"Derk de Vries"
0,"Francisco Carrasquer"
0,"Th. van Tijn"
0,"Hugo Dyserinck"
0,"H.J. Drossaart Lulofs"
0,"Okke Jager"
0,"J.W. Veerman"
0,"J. Hoogendoorn"
0,"Evert Willem Schallenberg"
0,"L. de Borman"
0,"Pieter-Emmanuel Oyen"
0,"J. Lebeer"
0,"J. Noë"
0,"J. De Fraine"
0,"Philippine vande Putte"
0,"Gaston de Jaegher"
0,"J. van Wing"
0,"M. Coutinho"
0,"Johan Daisne"
0,"Johannes Tielrooy"
0,"Tonny van der Horst"
0,"H.J. van Boekhoven"
0,"René J. Seghers"
0,"Gerard Brom"
0,"Antony Winkler Prins"
0,"Simke Heerts Rinkes"
0,"T.W.J. Juynboll"
0,"Geert Berings"
0,"A.G.M. van de Wijnpersse"
0,"B.M. Telders"
0,"Antoon Coolen"
0,"Floris Prims"
0,"S.M. Noach"
0,"Korneel Goossens"
0,"Waclaw Husarski"
0,"C. Winkler"
0,"H.Z. Zegers de Beijl"
0,"C.D.J. Brandt"
0,"W.J. van der Molen"
0,"P.J. Stolk"
0,"A. Marja"
0,"Siegfried E. van Praag"
0,"Aize de Visser"
0,"J.W. Schulte Nordholt"
0,"Diet Kramer"
0,"J.P. van Praag"
0,"E.M. Beekman"
0,"Lloyd Haft"
0,"Walter Haeseryn"
0,"A. Moerdijk"
0,"J.J. de Rooij"
0,"Pieter Nieuwint"
0,"H.G. van der Vies"
0,"Julius de Boer"
0,"J.J.G. Vürtheim"
0,"D. Logeman-van der Willigen"
0,"Arthur Coussens"
0,"P. Brommer"
0,"J.M. Kramer"
0,"J.E. Verschaffelt"
0,"Antoon Gerard Roos"
0,"L. Aletrino"
0,"J.C.H. de Pater"
0,"Ph. Kohnstamm"
0,"H. Robbers"
0,"John Murray"
0,"H. van Straelen"
0,"Paul André"
0,"L.P. van den Bergh"
0,"J. Nuttin"
0,"Maurits Dekker"
0,"A.C. Willink"
0,"O. Noordenbos"
0,"Herwig Hensen"
0,"Eva Vlame"
0,"Joris Blondiau"
0,"Bert Decorte"
0,"Achilles Mussche"
0,"Albert van Hoogenbemt"
0,"Felix Timmermans"
0,"Willy Peremans"
0,"José de Ceulaer"
0,"Émile O.J.J.G. Lousse"
0,"Albert Westerlinck"
0,"Brocardus Meyer"
0,"Joan Karel Hendrik de Roo van Alderwerelt"
0,"Jb. Boeke"
0,"A.E. Croockewit"
0,"Marie Loke"
0,"J.C. Hol"
0,"Janito Benavente y Martinez"
0,"Herman van Puymbrouck"
0,"Jo van Ammers-Küller"
0,"Henricus"
0,"Gustaaf D' Hondt"
0,"J. Philip van Goethem"
0,"J.C.J. Kleijntjens"
0,"Joseph Bittremieux"
0,"J.H. Abendanon"
0,"E.C. Godée Molsbergen"
0,"R. Dobru"
0,"Silvia W. de Groot"
0,"Rodney Russell"
0,"Hans Tentije"
0,"Grietje Drewes"
0,"A.N. Paasman"
0,"H.A. Gomperts"
0,"Ab Visser"
0,"Jac. Moleschott"
0,"Tijs Terwey"
0,"M.A. Perk"
0,"W.H. van de Sande Bakhuyzen"
0,"Jan ten Brink"
0,"F.A.W. Miquel"
0,"Michael Frijda"
0,"Kees Vuyk"
0,"Kees Bokweide"
0,"Dirk van Weelden"
0,"Joost Zwagerman"
0,"Frans Kuipers"
0,"Jan Baetens"
0,"I. Zeehandelaar"
0,"Martinus Poelhekke"
0,"J.H. van den Bosch"
0,"Marcellus Emants"
0,"Gabriël Verborght"
0,"Lodewijk Ontrop"
0,"Jozef de Cock"
0,"Jan Emiel Vliebergh"
0,"S.G. de Vries"
0,"J. Rietema"
0,"Herman Middendorp"
0,"W.H. Staverman"
0,"D.A. Zoethout"
0,"A.A. van Schelven"
0,"H.M.J. Oldewelt"
0,"J.H. Kramers"
0,"Marie Schmitz"
0,"Johan Huijts"
0,"Eugenius Druwé"
0,"J.C. Loman jr."
0,"Jan van Gelder"
0,"Han. Jonkers"
0,"Jacobus Henneman"
0,"Jan Hartog"
0,"T.J. Stieltjes"
0,"Jacob Léon Wertheim"
0,"Jean Baptist van Hugenpoth tot den Beerenclauw"
0,"C.M. Vos"
0,"Peter Buwalda"
0,"Tayeb Mokeddem"
0,"Pam Emmerik"
0,"Frans Budé"
0,"P.C. Verveen"
0,"Kees Vreugdenhil"
0,"Hedda Martens"
0,"Elly de Waard"
0,"Johan de Boose"
0,"Hubert-Jan Henket"
0,"Monica Soeting"
0,"Pascal Cornet"
0,"Nop Maas"
0,"Adriaan van der Veen"
0,"Josine Reuling"
0,"M. Revis"
0,"A. Graafhuis"
0,"Henri Wiessing"
0,"Gila Dotan"
0,"Jan Pedroli"
0,"Walter Thys"
0,"A. Teeuw"
0,"Gaston Burssens"
0,"P.J. Risseeuw"
0,"Cornelis Rijnsdorp"
0,"D. Kilinow"
0,"L.L. Hammerich"
0,"Lodewijk Mulder"
0,"Frans Netscher"
0,"F.C. Donders"
0,"G.W. Bruinsma"
0,"J.A. Dom Gregorius de Wit"
0,"H. Marsman"
0,"J.D. Bierens de Haan"
0,"Laurens van der Waals"
0,"E. van Dievoet"
0,"J.A. Eigeman"
0,"Dan. de Lange jr."
0,"Multavidi"
0,"J. Hoeksma"
0,"Jet Luber"
0,"Adriaan Pit"
0,"Vincent Loosjes"
0,"F.J. Kruitwagen"
0,"Willem Caland"
0,"Pieter Lodewijk Muller"
0,"L.A.J. Burgersdijk"
0,"M. Straub"
0,"Abraham Bredius"
0,"T.H.F. van Riemsdijk"
0,"F.J.L. Rompel"
0,"P. Petrus M. Janssens"
0,"Joseph Feskens"
0,"Louis D. Petit"
0,"Is. van Dijk"
0,"Johannes Lindeboom"
0,"H.E. Greve"
0,"Herman Meyer"
0,"Amoene van Haersolte"
0,"Bert Voeten"
0,"Johanna K. Oudendijk"
0,"N.E.H. van Esveld"
0,"Jan Slagter"
0,"Olaf J. de Landell"
0,"H. Nijhoff"
0,"S. de Wolff"
0,"A.S. de Leeuw"
0,"Marten Jan van der Meer"
0,"Petrus Martinus Bots"
0,"Johannes de Koo"
0,"Anne Busken Huet-van der Tholl"
0,"Willem van Elden"
0,"W. Banning"
0,"Ton van Oudwijk"
0,"A.N. Molenaar"
0,"Paul Citroen"
0,"J.J. Buskes"
0,"Rein Blijstra"
0,"Peter King"
0,"J.C. Arens"
0,"M. Monsinga"
0,"Willem Leendertz"
0,"A.J. Dunning"
0,"Gerard Nienhuis"
0,"Christine Brinkgreve"
0,"Maghiel van Crevel"
0,"Johan Reyniers"
0,"Eric de Kuyper"
0,"Joost Niemöller"
0,"Russell Artus"
0,"Lieven Baeyens"
0,"Ernestine van der Wall"
0,"Arthur J.H. Cornette"
0,"A. Plate"
0,"A.J. Jansen"
0,"G. van der Leeuw"
0,"J.L. Dusseau"
0,"Martinus des Amorie van der Hoeven"
0,"Jan van der Vegt"
0,"G.M.N. Verschuuren"
0,"Louis Gillet"
0,"F.G. Droste"
0,"R.W. Zandvoort"
0,"H.Th. Oostendorp"
0,"Cor de Groot"
0,"Cornelia Brinkman"
0,"Leo Apostel"
0,"D. Elema"
0,"Frank Daen"
0,"Marianne Colijn"
0,"H.C. Rümke"
0,"P. Minderaa"
0,"Geerten Meijsing"
0,"E.E.G. Vermeulen"
0,"Carolijn Visser"
0,"Michel Dupuis"
0,"Eric Rinckhout"
0,"Christel van Boheemen-Saaf"
0,"Annemarie Kets"
0,"Georges Wildemeersch"
0,"Hans van de Waarsenburg"
0,"Jaak De Maere"
0,"Hendrik Brugmans"
0,"Anthony Mertens"
0,"J.M.A. Biesheuvel"
0,"Oscar de Wit"
0,"Lieve Scheer"
0,"S.G. Nooteboom"
0,"Guus Extra"
0,"R.L.K. Fokkema"
0,"J.Th. de Smidt"
0,"Inez van Dullemen"
0,"Pieter Lukkenaer"
0,"J.A. Dautzenberg"
0,"Charles Grivel"
0,"Maarten 't Hart"
0,"Jan Gonda"
0,"J.R. Thorbecke"
0,"J.H. Thiel"
0,"Til Brugman"
0,"Henriette Laman Trip-de Beaufort"
0,"C. Bittremieux"
0,"Joris Taels"
0,"C.J. Lannoy"
0,"P.J. Idenburg"
0,"Paul Cronheim"
0,"Yge Foppema"
0,"H. Koekebakker"
0,"Erica C. García"
0,"Mineke Schipper"
0,"Hans Heinrich Meier"
0,"Gerben Wynia"
0,"Kas Deprez"
0,"Martin Mooij"
0,"Rienk Visser"
0,"W.J. van Hoboken"
0,"R. Kruk"
0,"P.S. van Koningsveld"
0,"Frits Dekking"
0,"J.H. Maureau"
0,"C.G. Brouwer"
0,"J. Sperna Weiland"
0,"J.M. van der Horst"
0,"Philip Vermoortel"
0,"Mischa de Vreede"
0,"Michel Leclerc"
0,"Maurice Wilmotte"
0,"Dan. Engelen"
0,"H.C. Rogge"
0,"R.A. Hugenholtz"
0,"Gustaaf Segers"
0,"Emiel de Grave"
0,"Carel Eduard Daniëls"
0,"Thomas Nolen"
0,"J. l' Ange Huet"
0,"A.P.C. van Karnebeek"
0,"W.A. Verschuer"
0,"Constantijn"
0,"Joan Frederik van Oordt"
0,"Elise Adelaïde Haighton"
0,"W. Arondéus"
0,"Anton van der Boom"
0,"L. Moereels"
0,"Leo Landsman"
0,"Albert Kuyle"
0,"Henriette Roland Holst-van der Schalk"
0,"J.M.J. Schepper"
0,"René de Clercq"
0,"Johan Schmidt"
0,"Jan Campert"
0,"J.P. Zoomers-Vermeer"
0,"Léopold Levaux"
0,"Selma Lagerlöf"
0,"C.E. Hooykaas"
0,"J.J. ten Berge S.J."
0,"J. Bierens de Haan"
0,"L.A. Alting Mees"
0,"Martha Johanna Hamaker"
0,"A.A.M. Stols"
0,"Hilarion Thans"
0,"Hendrik Bolkestein"
0,"J.C. Bloem"
0,"A.M. de Jong"
0,"R.A.D. Cort van der Linden"
0,"Matthijs Vermeulen"
0,"A.C. Bouman"
0,"Luc Salu"
0,"Stan Dietvors"
0,"Marc de Munnynck"
0,"Pieter Rink"
0,"Wouter Hutschenruyter"
0,"L.H. Grondijs"
0,"D. van Blom"
0,"J.A. Pollones"
0,"W.J.W. Koster"
0.0124209852300211,"L.M.A. von Schmid"
0.0200263087876934,"Pertinax"
0.0323939461548043,"L. Vander Kerken"
0.035238335651817,"J.N. Bakhuizen van den Brink"
0.0405399981305195,"P.J.H. Vermeeren"
0.0489446848185032,"J.N. van Hall"
0.0544622455356387,"S. Dresden"
0.0700679920764935,"Mea Verwey"
0.071400470176407,"Harry Mulisch"
0.0836301092062036,"Johan Goudsblom"
0.0867015868392407,"J.D.P. Warners"
0.0881232521321138,"Willem Gerard van Nouhuys"
0.0900948499888454,"Willem van der Vlugt"
0.0947489875271954,"Jozef van Mierlo"
0.0974117801503786,"H.T. Karsten"
0.0991299857169927,"Pieter Valkhoff"
0.1008097547217,"Stefan Hertmans"
0.113228428943504,"Cornelis Bellaar Spruyt"
0.12956650967176,"Erik Spinoy"
0.132520638548291,"Henricus Anastasius Viotta"
0.139854844248916,"A.E.J. Holwerda"
0.146473667585411,"Johan Fabricius"
0.146760683658465,"C.C. Huysmans"
0.148656175434243,"Emiel Jan Janssen"
0.155824642281106,"André Jolles"
0.184023836126087,"Ed. Hoornik"
0.185581990080621,"Theun de Vries"
0.188558061093908,"G.P.M. Knuvelder"
0.188772683031426,"Jan Willem Gerbrandt van Oordt"
0.19997472838365,"J. van Loenen Martinet"
0.207213314340604,"Geertruida Carelsen"
0.21569367373,"Willem Richard Boer"
0.219131619956561,"S. Vissering"
0.22533162754179,"D.J. Mom Visch"
0.241790266742284,"Charles Boissevain"
0.251526700496039,"Carel Adriaan Engelbregt"
0.311360753237995,"C.P. Tiele"
0.31153250433886,"Tiberius Cornelius Winkler"
0.313717388616347,"H.J. Schimmel"
0.313851452625556,"G. Geerts"
0.323436338139955,"A.L.G. Bosboom-Toussaint"
0.335141564953399,"Johannes Margadant"
0.340041307345607,"Jan van Gilse"
0.349996276318372,"Abraham Dirk Loman"
0.379635893603377,"Cyrille Offermans"
0.402805235417715,"Johan Carl Zimmerman"
0.507500708905842,"F. de Sinclair"
0.52662910021645,"Pieter Nicolaas Muller"
0.579479074424009,"Willem Hendrik de Beaufort"
0.702134963784511,"Louis Couperus"
